{"cameraMode":{"drawMode":0,"name":"Shaded","section":"Shading Mode"},"sceneLighting":false,"audioPlay":false,"sceneViewState":{"m_AlwaysRefresh":false,"showFog":true,"showSkybox":false,"showFlares":true,"showImageEffects":true,"showParticleSystems":true,"showVisualEffectGraphs":true,"m_FxEnabled":false},"in2DMode":false,"pivot":{"x":8.803786277770996,"y":-8.822720527648926,"z":92.18534088134766},"rotation":{"x":-0.21437083184719087,"y":-0.030172031372785569,"z":0.001141977496445179,"w":-0.9763413071632385},"size":14.610366821289063,"orthographic":false}