{"cameraMode":{"drawMode":0,"name":"Shaded","section":"Shading Mode"},"sceneLighting":true,"audioPlay":false,"sceneViewState":{"m_AlwaysRefresh":false,"showFog":true,"showSkybox":true,"showFlares":true,"showImageEffects":true,"showParticleSystems":true,"showVisualEffectGraphs":true,"m_FxEnabled":false},"in2DMode":false,"pivot":{"x":273.0259094238281,"y":22.501941680908204,"z":364.8861389160156},"rotation":{"x":-0.030413275584578515,"y":0.9638136625289917,"z":-0.2018282264471054,"w":-0.17171721160411836},"size":1.0630096197128297,"orthographic":false}