{"cameraMode":{"drawMode":0,"name":"Shaded","section":"Shading Mode"},"sceneLighting":true,"audioPlay":false,"sceneViewState":{"m_AlwaysRefresh":false,"showFog":true,"showSkybox":true,"showFlares":true,"showImageEffects":true,"showParticleSystems":true,"showVisualEffectGraphs":true,"m_FxEnabled":false},"in2DMode":false,"pivot":{"x":433.03564453125,"y":342.39825439453127,"z":108.72100830078125},"rotation":{"x":0.15075542032718659,"y":0.15743812918663026,"z":-0.024307357147336007,"w":0.9756537675857544},"size":472.17596435546877,"orthographic":false}