{"cameraMode":{"drawMode":0,"name":"Shaded","section":"Shading Mode"},"sceneLighting":false,"audioPlay":false,"sceneViewState":{"m_AlwaysRefresh":false,"showFog":true,"showSkybox":false,"showFlares":true,"showImageEffects":true,"showParticleSystems":true,"showVisualEffectGraphs":true,"m_FxEnabled":false},"in2DMode":false,"pivot":{"x":-11.265395164489746,"y":-2.2303316593170168,"z":-18.808916091918947},"rotation":{"x":0.10734125226736069,"y":-0.8363557457923889,"z":0.18893757462501527,"w":0.5033777952194214},"size":3.8688244819641115,"orthographic":false}