{"cameraMode":{"drawMode":0,"name":"Shaded","section":"Shading Mode"},"sceneLighting":false,"audioPlay":false,"sceneViewState":{"m_AlwaysRefresh":false,"showFog":true,"showSkybox":false,"showFlares":true,"showImageEffects":true,"showParticleSystems":true,"showVisualEffectGraphs":true,"m_FxEnabled":false},"in2DMode":false,"pivot":{"x":-1.4097305536270142,"y":3.154414415359497,"z":-55.13235855102539},"rotation":{"x":-0.12963145971298219,"y":-0.6315557956695557,"z":0.1009780541062355,"w":-0.7577805519104004},"size":0.00003421029759920202,"orthographic":false}