{"cameraMode":{"drawMode":0,"name":"Shaded","section":"Shading Mode"},"sceneLighting":false,"audioPlay":false,"sceneViewState":{"m_AlwaysRefresh":false,"showFog":true,"showSkybox":false,"showFlares":true,"showImageEffects":true,"showParticleSystems":true,"showVisualEffectGraphs":true,"m_FxEnabled":false},"in2DMode":false,"pivot":{"x":-12.581337928771973,"y":-2.1929454803466799,"z":12.301264762878418},"rotation":{"x":-0.16628581285476685,"y":0.18016435205936433,"z":-0.03644810616970062,"w":-0.9688500761985779},"size":6.2887797355651859,"orthographic":false}