{"cameraMode":{"drawMode":0,"name":"Shaded","section":"Shading Mode"},"sceneLighting":false,"audioPlay":false,"sceneViewState":{"m_AlwaysRefresh":false,"showFog":true,"showSkybox":false,"showFlares":true,"showImageEffects":true,"showParticleSystems":true,"showVisualEffectGraphs":true,"m_FxEnabled":false},"in2DMode":false,"pivot":{"x":-1.6038296222686768,"y":1.0983045101165772,"z":3.0125184059143068},"rotation":{"x":0.09914568811655045,"y":-0.7786908149719238,"z":0.13655780255794526,"w":0.6043691039085388},"size":1.6008682250976563,"orthographic":false}