{"cameraMode":{"drawMode":0,"name":"Shaded","section":"Shading Mode"},"sceneLighting":false,"audioPlay":false,"sceneViewState":{"m_AlwaysRefresh":false,"showFog":true,"showSkybox":false,"showFlares":true,"showImageEffects":true,"showParticleSystems":true,"showVisualEffectGraphs":true,"m_FxEnabled":false},"in2DMode":false,"pivot":{"x":-0.12634047865867616,"y":-0.039351385086774829,"z":-0.3260250985622406},"rotation":{"x":-0.00034199465881101787,"y":0.998359203338623,"z":0.005990160163491964,"w":0.05696819722652435},"size":2.6930654048919679,"orthographic":false}