{"cameraMode":{"drawMode":0,"name":"Shaded","section":"Shading Mode"},"sceneLighting":false,"audioPlay":false,"sceneViewState":{"m_AlwaysRefresh":false,"showFog":true,"showSkybox":false,"showFlares":true,"showImageEffects":true,"showParticleSystems":true,"showVisualEffectGraphs":true,"m_FxEnabled":false},"in2DMode":false,"pivot":{"x":0.41063806414604189,"y":3.5468897819519045,"z":6.191697597503662},"rotation":{"x":0.08803439885377884,"y":-0.839491605758667,"z":0.15426181256771089,"w":0.5136213302612305},"size":2.0660252571105959,"orthographic":false}