{"cameraMode":{"drawMode":0,"name":"Shaded","section":"Shading Mode"},"sceneLighting":false,"audioPlay":false,"sceneViewState":{"m_AlwaysRefresh":false,"showFog":true,"showSkybox":false,"showFlares":true,"showImageEffects":true,"showParticleSystems":true,"showVisualEffectGraphs":true,"m_FxEnabled":false},"in2DMode":false,"pivot":{"x":-0.11224104464054108,"y":2.0745081901550295,"z":5.106225967407227},"rotation":{"x":-0.15381057560443879,"y":-0.32986482977867129,"z":0.04878940433263779,"w":-0.9302016496658325},"size":0.17320497334003449,"orthographic":false}